{"cameraMode":{"drawMode":0,"name":"Shaded","section":"Shading Mode"},"sceneLighting":true,"audioPlay":false,"sceneViewState":{"m_AlwaysRefresh":false,"showFog":true,"showSkybox":true,"showFlares":true,"showImageEffects":true,"showParticleSystems":true,"showVisualEffectGraphs":true,"m_FxEnabled":true},"in2DMode":false,"pivot":{"x":7.47374963760376,"y":2.8167266845703127,"z":7.260944366455078},"rotation":{"x":-0.727798342704773,"y":-0.00041439521010033786,"z":0.00043687893776223063,"w":-0.6857857704162598},"size":15.249551773071289,"orthographic":false}